{"cameraMode":{"drawMode":0,"name":"Shaded","section":"Shading Mode"},"sceneLighting":true,"audioPlay":false,"sceneViewState":{"showFog":true,"showMaterialUpdate":false,"showSkybox":true,"showFlares":true,"showImageEffects":true,"showParticleSystems":true},"in2DMode":false,"pivot":{"x":-47.338600158691409,"y":-27.38069725036621,"z":163.5348358154297},"rotation":{"x":-0.08159404993057251,"y":0.14359021186828614,"z":-0.011601002886891365,"w":-0.9862964749336243},"size":85.62110900878906,"orthographic":false}